Workbook

Sheet Survey_Responses
A1: ID | B1: Start time | C1: Completion time | D1: Time to Complete | E1: Email | F1: How often do you visit Kuppi Coffee? | G1: How satisfied are you with your overall experience at our cafe? | H1: Which of the following do you typically order at Kuppi Coffee? (select all that apply) | I1: Staff Friendliness | J1: Speed of Service | K1: Cleanliness | L1: Wi-Fi Quality | M1: Seating Comfort | N1: Food & Drink Quality | O1: How likely are you to recommend Kuppi Coffee to someone? | P1: Would you be interested in a loyalty/rewards program at Kuppi Coffee? | Q1: Would you prefer a punch-card style reward or a points-based system? (Please select one) | R1: Please rank the following rewards you would be most interested in (1 = most interest) | S1: Any additional comments or concerns?
A2: 1 | B2: 46120.957 | C2: 46120.959 | D2: =C2-B2 -> 0.0019097222 | E2: anonymous | F2: Once a week | G2: 5 | H2: Breakfast sandwiches;Specialty coffee drinks (lattes, mochas, cappuccinos, iced drinks, etc.); | I2: Very Satisfied | J2: Satisfied | K2: Very Satisfied | L2: Neutral | M2: Very Satisfied | N2: Very Satisfied | O2: 9 | P2: Maybe, depending on the rewards | Q2: Points-Based | R2: Earn 1 point for every $1, redeem 100 points for afree specialty drink or pastry of your choice;Earn a free specialty drink after every 10 drink purchases;Earn a free pastry or baked good after every 6 food purchases;Redeem 200 points for exclusive Kuppi Coffee merch (cups, stationary, tote bags);Earn a free specialty milk upgrade (oat, almond, macadamia) after every 10 drinks; | S2: Add more deals and discounts
A3: 2 | B3: 46121.406 | C3: 46121.408 | D3: =C3-B3 -> 0.0020949074 | E3: anonymous | F3: First time | G3: 5 | H3: Specialty coffee drinks (lattes, mochas, cappuccinos, iced drinks, etc.);Breakfast sandwiches;Pastries & baked goods; | I3: Neutral | J3: Satisfied | K3: Satisfied | L3: Satisfied | M3: Satisfied | N3: Satisfied | O3: 8 | P3: Maybe, depending on the rewards | Q3: Points-Based | R3: Earn 1 point for every $1, redeem 100 points for afree specialty drink or pastry of your choice;Earn a free pastry or baked good after every 6 food purchases;Earn a free specialty drink after every 10 drink purchases;Redeem 200 points for exclusive Kuppi Coffee merch (cups, stationary, tote bags);Earn a free specialty milk upgrade (oat, almond, macadamia) after every 10 drinks; | S3: No
A4: 3 | B4: 46121.408 | C4: 46121.41 | D4: =C4-B4 -> 0.0012847222 | E4: anonymous | F4: Once a month | G4: 5 | H4: Specialty coffee drinks (lattes, mochas, cappuccinos, iced drinks, etc.);Breakfast sandwiches; | I4: Very Satisfied | J4: Very Satisfied | K4: Very Satisfied | L4: Very Satisfied | M4: Very Satisfied | N4: Very Satisfied | O4: 10 | P4: Yes | Q4: Points-Based | R4: Earn 1 point for every $1, redeem 100 points for afree specialty drink or pastry of your choice;Redeem 200 points for exclusive Kuppi Coffee merch (cups, stationary, tote bags);Earn a free specialty milk upgrade (oat, almond, macadamia) after every 10 drinks;Earn a free specialty drink after every 10 drink purchases;Earn a free pastry or baked good after every 6 food purchases; | S4: N/A
A5: 4 | B5: 46121.488 | C5: 46121.49 | D5: =C5-B5 -> 0.0018402777 | E5: anonymous | F5: First time | G5: 5 | H5: Specialty coffee drinks (lattes, mochas, cappuccinos, iced drinks, etc.);Pastries & baked goods; | I5: Very Satisfied | J5: Satisfied | K5: Very Satisfied | L5: Very Satisfied | M5: Very Satisfied | N5: Satisfied | O5: 9 | P5: Yes | Q5: Points-Based | R5: Earn a free specialty drink after every 10 drink purchases;Redeem 200 points for exclusive Kuppi Coffee merch (cups, stationary, tote bags);Earn 1 point for every $1, redeem 100 points for afree specialty drink or pastry of your choice;Earn a free pastry or baked good after every 6 food purchases;Earn a free specialty milk upgrade (oat, almond, macadamia) after every 10 drinks; | S5: No additional comments or concerns at this time, but the next time I'm in town, I'm definitely coming here.
A6: 5 | B6: 46122.047 | C6: 46122.048 | D6: =C6-B6 -> 0.0007870371 | E6: anonymous | F6: First time | G6: 5 | H6: Breakfast sandwiches;Pastries & baked goods;Specialty non-coffee drinks (tea, chai, matcha, etc.); | I6: Very Satisfied | J6: Very Satisfied | K6: Very Satisfied | L6: Very Satisfied | M6: Very Satisfied | N6: Very Satisfied | O6: 10 | P6: Yes | Q6: Punch-Card | R6: Earn a free pastry or baked good after every 6 food purchases;Earn a free specialty drink after every 10 drink purchases;Earn a free specialty milk upgrade (oat, almond, macadamia) after every 10 drinks;Earn 1 point for every $1, redeem 100 points for afree specialty drink or pastry of your choice;Redeem 200 points for exclusive Kuppi Coffee merch (cups, stationary, tote bags); | S6: N/A
D7: =AVERAGE(D2:D6) -> 0.0015833333 | G7: =AVERAGE(G2:G6) -> 5 | I7: {=AVERAGE(_xlfn.SWITCH(I2:I6,"Very Dissatisfied",1,"Dissatisfied",2,"Neutral",3,"Satisfied",4,"Very Satisfied",5))} -> 4.6 | J7: {=AVERAGE(_xlfn.SWITCH(J2:J6,"Very Dissatisfied",1,"Dissatisfied",2,"Neutral",3,"Satisfied",4,"Very Satisfied",5))} -> 4.4 | K7: {=AVERAGE(_xlfn.SWITCH(K2:K6,"Very Dissatisfied",1,"Dissatisfied",2,"Neutral",3,"Satisfied",4,"Very Satisfied",5))} -> 4.8 | L7: {=AVERAGE(_xlfn.SWITCH(L2:L6,"Very Dissatisfied",1,"Dissatisfied",2,"Neutral",3,"Satisfied",4,"Very Satisfied",5))} -> 4.4 | M7: {=AVERAGE(_xlfn.SWITCH(M2:M6,"Very Dissatisfied",1,"Dissatisfied",2,"Neutral",3,"Satisfied",4,"Very Satisfied",5))} -> 4.8 | N7: {=AVERAGE(_xlfn.SWITCH(N2:N6,"Very Dissatisfied",1,"Dissatisfied",2,"Neutral",3,"Satisfied",4,"Very Satisfied",5))} -> 4.6 | P7: =COUNTIF(P2:P6, "Maybe, depending on the rewards") -> 2
I9: 4.6
I10: 4.4
I11: 4.8
I12: 4.4
I13: 4.8
I14: 4.6
I15: =AVERAGE(I9:I14) -> 4.6

Sheet Loyalty_Rewards_Program
A1: Interest in Loyalty Program | B1: Count of Interest
A2: Maybe, depending on the rewards | B2: 2
A3: Yes | B3: 3
A4: Grand Total | B4: 5
A17: Type of Loyalty System | B17: Count of System
A18: Points-Based | B18: 4
A19: Punch-Card | B19: 1
A20: Grand Total | B20: 5
A34: Reward Option | B34: Top Reward Ranking
A35: Free Specialty Drink | B35: =COUNTIF(Survey_Responses!R2:R6, "Earn a free specialty drink after every 10 drink purchases*") -> 1
A36: Free Pastry/Baked Good | B36: =COUNTIF(Survey_Responses!R2:R6, "Earn a free pastry or baked good after every 6 food purchases*") -> 1
A37: 1 Point per $1 (Redeem for Free Food/Drink) | B37: =COUNTIF(Survey_Responses!R2:R6, "Earn 1 point for every $1, redeem 100 points for a free specialty drink or pastry of your choice*") -> 0
A38: Free Milk Upgrade | B38: =COUNTIF(Survey_Responses!R2:R6, "Earn a free specialty milk upgrade (oat, almond, macadamia) after every 10 drinks*") -> 0
A39: Kuppi Merch | B39: =COUNTIF(Survey_Responses!R2:R6, "Redeem 200 points for exclusive Kuppi Coffee merch (cups, stationary, tote bags)*") -> 0

Sheet Menu Purchases
A1: Menu Options | B1: Count of Menu Options
A2: Drip coffee | B2: =COUNTIF(Survey_Responses!H2:H6, "*Drip Coffee*") -> 0
A3: Specialty coffee drinks (lattes, mochas, cappuccinos, iced drinks, etc.) | B3: =COUNTIF(Survey_Responses!H2:H6, "*Specialty coffee drinks (lattes, mochas, cappuccinos, iced drinks, etc.)*") -> 4
A4: Specialty non-coffee drinks (tea, chai, matcha, etc.) | B4: =COUNTIF(Survey_Responses!H2:H6, "*Specialty non-coffee drinks (tea, chai, matcha, etc.)*") -> 1
A5: Breakfast sandwiches | B5: =COUNTIF(Survey_Responses!H2:H6, "*Breakfast sandwiches*") -> 4
A6: Pastries & baked goods | B6: =COUNTIF(Survey_Responses!H2:H6, "*Pastries & baked goods*") -> 3

Sheet Recommendations
